Nr,PlotID,Origin,Transplant,Treatment,trt,Event,Datum,Biomass,C,N,P
1,EB-21,EB,FE,Extensive,EX,Cutting,31.08.2016,81.13365321,43.4,2.58,2.35
2,EB-09,EB,FE,Extensive,EX,Cutting,31.08.2016,94.57340396,43.5,2.57,2.54
3,EB-109,EB,FE,Extensive,EX,Cutting,31.08.2016,98.25165154,44.1,2.47,2.68
4,EB-121,EB,FE,Extensive,EX,Cutting,31.08.2016,112.3987576,42.6,2.44,2.34
5,EB-215,EB,FE,Extensive,EX,Cutting,31.08.2016,195.7252122,43.8,2.6,2.04
6,EB-230,EB,FE,Extensive,EX,Cutting,31.08.2016,186.2466512,43.2,2.41,2.01
7,EB-148,EB,FE,Intensive,IN,Cutting,31.08.2016,137.4391353,42.3,2.78,2.62
8,EB-242,EB,FE,Intensive,IN,Cutting,31.08.2016,119.4723106,43.8,3.03,2.12
9,EB-257,EB,FE,Intensive,IN,Cutting,31.08.2016,129.2338138,44.5,2.74,2.11
10,EB-39,EB,FE,Intensive,IN,Cutting,31.08.2016,214.1164501,42.5,2.29,2.1
11,EB-51,EB,FE,Intensive,IN,Cutting,31.08.2016,167.2895291,42.9,2.93,2.4
12,GW-110,GW,FE,Extensive,EX,Cutting,31.08.2016,196.5740386,43.4,2.81,3.83
13,GW-118,GW,FE,Extensive,EX,Cutting,31.08.2016,170.2604213,43.6,3.23,4.39
14,GW-26,GW,FE,Extensive,EX,Cutting,31.08.2016,193.1787331,43.2,2.95,4.14
15,GW-38,GW,FE,Extensive,EX,Cutting,31.08.2016,143.9468041,43.8,2.62,4.76
16,GW-70,GW,FE,Extensive,EX,Cutting,31.08.2016,215.9555739,43,2.61,4.48
17,GW-74,GW,FE,Extensive,EX,Cutting,31.08.2016,223.8779533,43.6,2.89,4.77
18,GW-82,GW,FE,Extensive,EX,Cutting,31.08.2016,232.3662169,43,2.59,4.25
19,GW-102,GW,FE,Intensive,IN,Cutting,31.08.2016,154.1327204,43.5,2.98,5.43
20,GW-12,GW,FE,Intensive,IN,Cutting,31.08.2016,156.3962574,44.2,2.89,4.67
21,GW-20,GW,FE,Intensive,IN,Cutting,31.08.2016,172.8069004,43.7,3.1,4.48
22,GW-56,GW,FE,Intensive,IN,Cutting,31.08.2016,194.0275595,44,2.64,4.73
23,GW-92,GW,FE,Intensive,IN,Cutting,31.08.2016,170.6848345,43.7,2.59,4.45
24,EB-08,EB,GW,Extensive,EX,Cutting,31.08.2016,125.2726241,43.3,3.38,2.32
25,EB-111,EB,GW,Extensive,EX,Cutting,31.08.2016,167.4310001,43.8,3.06,2.13
26,EB-123,EB,GW,Extensive,EX,Cutting,31.08.2016,195.159328,39.2,2.61,2.25
27,EB-214,EB,GW,Extensive,EX,Cutting,31.08.2016,141.9662092,NA,NA,NA
28,EB-226,EB,GW,Extensive,EX,Cutting,31.08.2016,114.8037656,43.7,2.82,1.91
29,EB-26,EB,GW,Extensive,EX,Cutting,31.08.2016,162.9039262,42.9,3.69,2.42
30,EB-138,EB,GW,Intensive,IN,Cutting,31.08.2016,175.4948506,43.4,3.11,2.18
31,EB-147,EB,GW,Intensive,IN,Cutting,31.08.2016,162.479513,43.6,3.15,2.14
32,EB-235,EB,GW,Intensive,IN,Cutting,31.08.2016,149.3227044,43.8,2.78,2.04
33,EB-253,EB,GW,Intensive,IN,Cutting,31.08.2016,200.3937572,43.6,2.53,1.87
34,EB-38,EB,GW,Intensive,IN,Cutting,31.08.2016,223.5950112,43.1,3.32,2.13
35,EB-56,EB,GW,Intensive,IN,Cutting,31.08.2016,224.4438375,42.2,3.46,2.39
36,GW-07,GW,GW,Extensive,EX,Cutting,31.08.2016,242.5521333,43.5,2.71,3.22
37,GW-101,GW,GW,Extensive,EX,Cutting,31.08.2016,221.4729453,43.2,3.15,3.37
38,GW-17,GW,GW,Extensive,EX,Cutting,31.08.2016,181.153693,44.3,2.38,3.61
39,GW-43,GW,GW,Extensive,EX,Cutting,31.08.2016,218.7849951,44,2.88,3.35
40,GW-53,GW,GW,Extensive,EX,Cutting,31.08.2016,180.0219245,44,2.89,3.98
41,GW-85,GW,GW,Extensive,EX,Cutting,31.08.2016,205.0623022,43.6,2.52,3.19
42,GW-113,GW,GW,Intensive,IN,Cutting,31.08.2016,281.598146,43.9,2.73,2.98
43,GW-125,GW,GW,Intensive,IN,Cutting,31.08.2016,159.0842076,42.4,2.66,3.39
44,GW-27,GW,GW,Intensive,IN,Cutting,31.08.2016,176.7680901,44.3,2.83,3.23
45,GW-33,GW,GW,Intensive,IN,Cutting,31.08.2016,297.7258469,44,2.92,2.74
46,GW-67,GW,GW,Intensive,IN,Cutting,31.08.2016,290.3693517,43.9,2.96,3.31
47,EB-10,EB,EB,Intensive,IN,Cutting,13.10.2016,135.6424528,44.4,2.28,1.42
48,EB-110,EB,EB,Intensive,IN,Cutting,13.10.2016,122.061231,44,2.41,2.22
49,EB-116,EB,EB,Intensive,IN,Cutting,13.10.2016,91.64495301,43,2.57,2.2
50,EB-207,EB,EB,Intensive,IN,Cutting,13.10.2016,130.6909657,44.1,2.71,2.25
51,EB-22,EB,EB,Intensive,IN,Cutting,13.10.2016,116.5438597,44.3,2.74,1.54
52,EB-225,EB,EB,Intensive,IN,Cutting,13.10.2016,143.9892454,43.6,2.28,2.12
53,EB-10,EB,EB,Intensive,IN,FirstCut,22.05.2017,69.85840969,43.9,4.07,3.74
54,EB-110,EB,EB,Intensive,IN,FirstCut,22.05.2017,77.49784696,44.5,3.57,3.49
55,EB-116,EB,EB,Intensive,IN,FirstCut,22.05.2017,88.8155318,43.8,3.68,3.65
56,EB-207,EB,EB,Intensive,IN,FirstCut,22.05.2017,83.86404468,44.3,3.94,3.29
57,EB-22,EB,EB,Intensive,IN,FirstCut,22.05.2017,26.85120729,43,4.14,4.09
58,EB-225,EB,EB,Intensive,IN,FirstCut,22.05.2017,71.55606241,44.1,3.86,2.89
59,EB-136,EB,FE,Intensive,IN,FirstCut,22.05.2017,694.4531419,42.9,2.03,2.57
60,EB-148,EB,FE,Intensive,IN,FirstCut,22.05.2017,627.3958592,42.6,1.98,2.78
61,EB-242,EB,FE,Intensive,IN,FirstCut,22.05.2017,658.8024347,43.2,2.2,2.29
62,EB-257,EB,FE,Intensive,IN,FirstCut,22.05.2017,482.9539064,44,2.18,2.58
63,EB-39,EB,FE,Intensive,IN,FirstCut,22.05.2017,566.8462453,42.3,2.31,2.53
64,EB-51,EB,FE,Intensive,IN,FirstCut,22.05.2017,405.1448231,42.4,2.44,2.12
65,GW-102,GW,FE,Intensive,IN,FirstCut,22.05.2017,684.6916387,42.9,2.02,3.07
66,GW-12,GW,FE,Intensive,IN,FirstCut,22.05.2017,928.446276,43.1,2.01,2.58
67,GW-20,GW,FE,Intensive,IN,FirstCut,22.05.2017,804.8005691,42,2.01,2.59
68,GW-44,GW,FE,Intensive,IN,FirstCut,22.05.2017,765.7545564,42.8,1.68,2.77
69,GW-56,GW,FE,Intensive,IN,FirstCut,22.05.2017,586.9351359,43.3,1.93,3.12
70,GW-92,GW,FE,Intensive,IN,FirstCut,22.05.2017,688.3698863,42.6,1.68,3.07
71,EB-138,EB,GW,Intensive,IN,FirstCut,22.05.2017,611.353041,42.3,2.31,2.79
72,EB-147,EB,GW,Intensive,IN,FirstCut,22.05.2017,471.8625753,42.7,2.37,2.57
73,EB-235,EB,GW,Intensive,IN,FirstCut,22.05.2017,564.4412373,42.4,2.5,2.48
74,EB-253,EB,GW,Intensive,IN,FirstCut,22.05.2017,569.9586086,42.4,2.56,2.54
75,EB-38,EB,GW,Intensive,IN,FirstCut,22.05.2017,806.7245755,42.6,2.42,2.52
76,EB-56,EB,GW,Intensive,IN,FirstCut,22.05.2017,807.3470482,43.2,2.83,2.49
77,GW-113,GW,GW,Intensive,IN,FirstCut,22.05.2017,413.6330868,43.9,2.9,3.06
78,GW-125,GW,GW,Intensive,IN,FirstCut,22.05.2017,374.3890146,43,1.9,3.35
79,GW-27,GW,GW,Intensive,IN,FirstCut,22.05.2017,393.6290788,43.9,2.45,3.28
80,GW-33,GW,GW,Intensive,IN,FirstCut,22.05.2017,496.4785398,43.4,2.68,3.16
81,GW-67,GW,GW,Intensive,IN,FirstCut,22.05.2017,391.8465434,42.4,2.57,3.37
82,GW-77,GW,GW,Intensive,IN,FirstCut,22.05.2017,360.8643812,41.7,2.17,3.34
83,EB-143,EB,EB,Extensive,EX,FirstCut,08.06.2017,318.281592,40.3,2.59,2.84
84,EB-155,EB,EB,Extensive,EX,FirstCut,08.06.2017,403.9564662,43,2.65,3.25
85,EB-237,EB,EB,Extensive,EX,FirstCut,08.06.2017,267.2105391,43.2,2.87,2.84
86,EB-246,EB,EB,Extensive,EX,FirstCut,08.06.2017,209.6318175,42.8,2.79,2.63
87,EB-40,EB,EB,Extensive,EX,FirstCut,08.06.2017,257.4490359,39.1,2.42,3.4
88,EB-58,EB,EB,Extensive,EX,FirstCut,08.06.2017,276.8305712,42.3,2.63,3.17
89,EB-21,EB,FE,Extensive,EX,FirstCut,08.06.2017,873.0745029,41.5,1.52,2.21
90,EB-09,EB,FE,Extensive,EX,FirstCut,08.06.2017,527.319231,42.3,1.64,2.48
91,EB-109,EB,FE,Extensive,EX,FirstCut,08.06.2017,718.9276354,43.4,1.86,2.64
92,EB-121,EB,FE,Extensive,EX,FirstCut,08.06.2017,625.2172049,43.7,1.61,2.34
93,EB-215,EB,FE,Extensive,EX,FirstCut,08.06.2017,716.6640984,43.4,1.71,1.91
94,EB-230,EB,FE,Extensive,EX,FirstCut,08.06.2017,471.6362216,45.5,1.65,1.71
95,GW-110,GW,FE,Extensive,EX,FirstCut,08.06.2017,881.1949418,46.6,1.23,2.16
96,GW-118,GW,FE,Extensive,EX,FirstCut,08.06.2017,699.2065695,44.7,1.71,2.68
97,GW-26,GW,FE,Extensive,EX,FirstCut,08.06.2017,622.5858432,44.5,1.95,2.74
98,GW-38,GW,FE,Extensive,EX,FirstCut,08.06.2017,682.8525149,44.6,1.72,2.54
99,GW-70,GW,FE,Extensive,EX,FirstCut,08.06.2017,559.6312212,43.1,1.92,3.02
100,GW-82,GW,FE,Extensive,EX,FirstCut,08.06.2017,634.6108833,42.7,1.76,2.56
101,EB-08,EB,GW,Extensive,EX,FirstCut,08.06.2017,736.1305163,41.9,1.75,2.23
102,EB-111,EB,GW,Extensive,EX,FirstCut,08.06.2017,630.4233399,42.2,1.66,1.93
103,EB-123,EB,GW,Extensive,EX,FirstCut,08.06.2017,610.7871567,42.3,1.84,2.44
104,EB-214,EB,GW,Extensive,EX,FirstCut,08.06.2017,827.2378793,41.7,1.96,2.02
105,EB-226,EB,GW,Extensive,EX,FirstCut,08.06.2017,992.7590201,42.1,2.31,2.5
106,EB-26,EB,GW,Extensive,EX,FirstCut,08.06.2017,839.6590384,42.1,1.61,1.8
107,GW-07,GW,GW,Extensive,EX,FirstCut,08.06.2017,571.5147903,42.8,1.6,2.2
108,GW-101,GW,GW,Extensive,EX,FirstCut,08.06.2017,498.6006057,43,1.78,2.96
109,GW-17,GW,GW,Extensive,EX,FirstCut,08.06.2017,515.718604,43.1,1.59,2.61
110,GW-43,GW,GW,Extensive,EX,FirstCut,08.06.2017,756.6438201,42.8,1.6,2.49
111,GW-53,GW,GW,Extensive,EX,FirstCut,08.06.2017,587.7839623,42.2,1.84,2.78
112,GW-85,GW,GW,Extensive,EX,FirstCut,08.06.2017,439.946704,42.8,1.6,2.97
113,EB-10,EB,EB,Intensive,IN,Cutting,05.07.2017,507.711342,42.5,1.96,2.3
114,EB-110,EB,EB,Intensive,IN,Cutting,05.07.2017,432.5902089,42.5,1.93,2.72
115,EB-116,EB,EB,Intensive,IN,Cutting,05.07.2017,317.7157077,42.4,1.6,2.42
116,EB-207,EB,EB,Intensive,IN,Cutting,05.07.2017,366.3817526,43.3,2.3,1.93
117,EB-22,EB,EB,Intensive,IN,Cutting,05.07.2017,492.9983517,42.8,1.83,2.92
118,EB-225,EB,EB,Intensive,IN,Cutting,05.07.2017,399.0615675,43,1.79,2
119,EB-136,EB,FE,Intensive,IN,Cutting,05.07.2017,298.7585856,43.2,2.25,2.97
120,EB-148,EB,FE,Intensive,IN,Cutting,05.07.2017,336.6728298,42.7,1.99,3.52
121,EB-242,EB,FE,Intensive,IN,Cutting,05.07.2017,409.9548392,43.3,2.28,3.83
122,EB-257,EB,FE,Intensive,IN,Cutting,05.07.2017,238.916327,43.7,2.13,2.55
123,EB-39,EB,FE,Intensive,IN,Cutting,05.07.2017,305.5491965,42.7,2.18,2.7
124,EB-51,EB,FE,Intensive,IN,Cutting,05.07.2017,303.2856596,42.1,2.28,2.69
125,GW-102,GW,FE,Intensive,IN,Cutting,05.07.2017,352.2346465,43.3,1.79,3.86
126,GW-12,GW,FE,Intensive,IN,Cutting,05.07.2017,408.6815996,42.5,1.56,3.71
127,GW-20,GW,FE,Intensive,IN,Cutting,05.07.2017,438.0509918,42.9,1.94,2.93
128,GW-44,GW,FE,Intensive,IN,Cutting,05.07.2017,290.8362062,42.8,2.05,4.08
129,GW-56,GW,FE,Intensive,IN,Cutting,05.07.2017,343.1804986,42.2,1.71,3.58
130,GW-92,GW,FE,Intensive,IN,Cutting,05.07.2017,336.955772,42.2,1.86,3.91
131,EB-138,EB,GW,Intensive,IN,Cutting,05.07.2017,454.2352811,42.4,2,2.65
132,EB-147,EB,GW,Intensive,IN,Cutting,05.07.2017,454.6596943,42.6,1.77,2.77
133,EB-235,EB,GW,Intensive,IN,Cutting,05.07.2017,482.3880222,42.4,2.32,2.47
134,EB-253,EB,GW,Intensive,IN,Cutting,05.07.2017,454.8011654,42,2.56,2.47
135,EB-38,EB,GW,Intensive,IN,Cutting,05.07.2017,510.6822343,41.1,2.03,2.57
136,EB-56,EB,GW,Intensive,IN,Cutting,05.07.2017,522.7072744,40.5,2.04,2.55
137,GW-113,GW,GW,Intensive,IN,Cutting,05.07.2017,315.5936418,42.7,1.83,3.3
138,GW-125,GW,GW,Intensive,IN,Cutting,05.07.2017,284.1870664,42.3,1.88,3.28
139,GW-27,GW,GW,Intensive,IN,Cutting,05.07.2017,312.4812785,42.5,1.86,2.9
140,GW-33,GW,GW,Intensive,IN,Cutting,05.07.2017,367.9379342,42,1.96,3.43
141,GW-67,GW,GW,Intensive,IN,Cutting,05.07.2017,447.2466107,42.8,1.71,3.47
142,GW-77,GW,GW,Intensive,IN,Cutting,05.07.2017,256.3172675,42.5,2.01,4.23
143,EB-21,EB,FE,Extensive,EX,Cutting,08.08.2017,383.4997509,42.8,2.4,3.14
144,EB-09,EB,FE,Extensive,EX,Cutting,08.08.2017,425.8844806,42.9,2.05,3.06
145,EB-109,EB,FE,Extensive,EX,Cutting,08.08.2017,299.4659409,43.9,1.89,3.04
146,EB-121,EB,FE,Extensive,EX,Cutting,08.08.2017,359.11014,42.2,2.27,3.37
147,EB-215,EB,FE,Extensive,EX,Cutting,08.08.2017,356.6202494,44.1,2.31,2.46
148,EB-230,EB,FE,Extensive,EX,Cutting,08.08.2017,462.1010721,43.9,2.14,2.48
149,EB-136,EB,FE,Intensive,IN,Cutting,08.08.2017,217.5541969,42.9,2.64,3.51
150,EB-148,EB,FE,Intensive,IN,Cutting,08.08.2017,178.9325974,41.2,2.41,4.46
151,EB-242,EB,FE,Intensive,IN,Cutting,08.08.2017,204.5388593,42.9,3.17,3.58
152,EB-257,EB,FE,Intensive,IN,Cutting,08.08.2017,220.242147,41.3,3.18,3.41
153,EB-39,EB,FE,Intensive,IN,Cutting,08.08.2017,210.763586,42.4,2.57,3.93
154,EB-51,EB,FE,Intensive,IN,Cutting,08.08.2017,327.5620935,42.7,2.68,3.69
155,GW-110,GW,FE,Extensive,EX,Cutting,08.08.2017,314.8862865,43.6,2.08,3.56
156,GW-118,GW,FE,Extensive,EX,Cutting,08.08.2017,370.2014712,42.9,1.68,3.41
157,GW-26,GW,FE,Extensive,EX,Cutting,08.08.2017,416.462508,42.5,1.97,3.31
158,GW-38,GW,FE,Extensive,EX,Cutting,08.08.2017,405.2862942,43.4,2.22,3.19
159,GW-70,GW,FE,Extensive,EX,Cutting,08.08.2017,348.1319857,43.4,2.01,3.93
160,GW-82,GW,FE,Extensive,EX,Cutting,08.08.2017,565.7993595,42.7,1.92,3.07
161,GW-102,GW,FE,Intensive,IN,Cutting,08.08.2017,300.3147673,43.7,2.21,4.37
162,GW-12,GW,FE,Intensive,IN,Cutting,08.08.2017,323.6009038,42.8,2.55,4.82
163,GW-20,GW,FE,Intensive,IN,Cutting,08.08.2017,314.0374602,41.5,2.07,3.92
164,GW-44,GW,FE,Intensive,IN,Cutting,08.08.2017,310.5855663,42.1,2.46,4.34
165,GW-56,GW,FE,Intensive,IN,Cutting,08.08.2017,152.1945669,42.8,2.48,5.04
166,GW-92,GW,FE,Intensive,IN,Cutting,08.08.2017,206.8023963,43.3,2.31,4.19
167,EB-08,EB,GW,Extensive,EX,Cutting,08.08.2017,402.456873,42.5,2,2.57
168,EB-111,EB,GW,Extensive,EX,Cutting,08.08.2017,464.7041396,41.6,1.91,2.35
169,EB-123,EB,GW,Extensive,EX,Cutting,08.08.2017,399.6274518,42.7,2.16,2.56
170,EB-214,EB,GW,Extensive,EX,Cutting,08.08.2017,449.8496783,41.4,2.32,2.1
171,EB-226,EB,GW,Extensive,EX,Cutting,08.08.2017,716.60751,40.3,2.35,2.2
172,EB-26,EB,GW,Extensive,EX,Cutting,08.08.2017,518.1236121,41.8,2.35,2.44
173,EB-138,EB,GW,Intensive,IN,Cutting,08.08.2017,436.211868,41.7,2.49,3.71
174,EB-147,EB,GW,Intensive,IN,Cutting,08.08.2017,336.5313588,42.8,2.67,4.09
175,EB-235,EB,GW,Intensive,IN,Cutting,08.08.2017,449.7082072,43.1,2.92,3.18
176,EB-253,EB,GW,Intensive,IN,Cutting,08.08.2017,538.919858,42.4,2.8,2.97
177,EB-38,EB,GW,Intensive,IN,Cutting,08.08.2017,575.5608626,42.2,2.91,3.1
178,EB-56,EB,GW,Intensive,IN,Cutting,08.08.2017,580.5123498,41.8,2.65,2.96
179,GW-07,GW,GW,Extensive,EX,Cutting,08.08.2017,346.0099198,43.1,2.27,2.75
180,GW-101,GW,GW,Extensive,EX,Cutting,08.08.2017,339.9266642,43,2.03,4.38
181,GW-17,GW,GW,Extensive,EX,Cutting,08.08.2017,295.3632802,44.4,2.01,3.36
182,GW-43,GW,GW,Extensive,EX,Cutting,08.08.2017,333.7019376,42.9,2.09,2.8
183,GW-53,GW,GW,Extensive,EX,Cutting,08.08.2017,404.4374678,44.8,1.94,3.16
184,GW-85,GW,GW,Extensive,EX,Cutting,08.08.2017,320.6866,45,1.92,3.31
185,GW-113,GW,GW,Intensive,IN,Cutting,08.08.2017,342.6146144,44.6,2.41,3.56
186,GW-125,GW,GW,Intensive,IN,Cutting,08.08.2017,196.757951,48.4,2.72,4.7
187,GW-27,GW,GW,Intensive,IN,Cutting,08.08.2017,229.8621791,46.9,2.63,3.62
188,GW-33,GW,GW,Intensive,IN,Cutting,08.08.2017,249.3851855,43.3,2.89,4.41
189,GW-67,GW,GW,Intensive,IN,Cutting,08.08.2017,445.6055464,43.2,2.78,4.27
190,GW-77,GW,GW,Intensive,IN,Cutting,08.08.2017,172.9908128,42.6,2.69,5.86
191,EB-143,EB,EB,Extensive,EX,Cutting,21.09.2017,340.4359601,43.3,2,3
192,EB-155,EB,EB,Extensive,EX,Cutting,21.09.2017,438.475405,41,1.99,2.6
193,EB-237,EB,EB,Extensive,EX,Cutting,21.09.2017,381.3210965,43,2.14,1.71
194,EB-246,EB,EB,Extensive,EX,Cutting,21.09.2017,316.6688219,42.5,2.02,2.03
195,EB-40,EB,EB,Extensive,EX,Cutting,21.09.2017,386.979939,41.7,2.28,2.69
196,EB-58,EB,EB,Extensive,EX,Cutting,21.09.2017,239.1426807,41.8,2.43,3.03
197,EB-10,EB,EB,Intensive,IN,Cutting,21.09.2017,295.5896339,42,2.28,2.95
198,EB-110,EB,EB,Intensive,IN,Cutting,21.09.2017,257.8168607,42.4,2.3,3.23
199,EB-116,EB,EB,Intensive,IN,Cutting,21.09.2017,301.9558316,41.2,2.16,3.15
200,EB-207,EB,EB,Intensive,IN,Cutting,21.09.2017,322.0447222,42.8,2.22,2.21
201,EB-22,EB,EB,Intensive,IN,Cutting,21.09.2017,235.7473753,42.9,2.17,2.6
202,EB-225,EB,EB,Intensive,IN,Cutting,21.09.2017,266.7295375,41.9,2.07,2.33
203,EB-136,EB,FE,Intensive,IN,Cutting,21.09.2017,291.9113863,43.6,3.12,3.81
204,EB-148,EB,FE,Intensive,IN,Cutting,21.09.2017,287.3843124,39.8,2.59,3.63
205,EB-242,EB,FE,Intensive,IN,Cutting,21.09.2017,318.6494167,41.7,2.79,3.17
206,EB-257,EB,FE,Intensive,IN,Cutting,21.09.2017,328.693862,42.5,4.02,3.24
207,EB-39,EB,FE,Intensive,IN,Cutting,21.09.2017,280.1692883,42.7,2.77,3.6
208,EB-51,EB,FE,Intensive,IN,Cutting,21.09.2017,268.1442481,41.8,3.06,3.58
209,GW-102,GW,FE,Intensive,IN,Cutting,21.09.2017,394.1949631,40.2,2.01,4.4
210,GW-12,GW,FE,Intensive,IN,Cutting,21.09.2017,314.688227,42.6,2.63,4.07
211,GW-20,GW,FE,Intensive,IN,Cutting,21.09.2017,345.2459761,43.3,2.94,4.08
212,GW-44,GW,FE,Intensive,IN,Cutting,21.09.2017,253.5727289,43.2,2.48,4.28
213,GW-56,GW,FE,Intensive,IN,Cutting,21.09.2017,251.3091919,43.2,2.59,4.68
214,GW-92,GW,FE,Intensive,IN,Cutting,21.09.2017,354.0171819,42.7,2.24,4.24
215,EB-138,EB,GW,Intensive,IN,Cutting,21.09.2017,367.0325194,42,2.61,3.66
216,EB-147,EB,GW,Intensive,IN,Cutting,21.09.2017,295.5896339,42.5,2.79,3.69
217,EB-235,EB,GW,Intensive,IN,Cutting,21.09.2017,337.3235967,42.4,2.83,2.96
218,EB-253,EB,GW,Intensive,IN,Cutting,21.09.2017,328.8353331,42.3,3.09,2.81
219,EB-38,EB,GW,Intensive,IN,Cutting,21.09.2017,508.9279931,40.6,2.46,3.22
220,EB-56,EB,GW,Intensive,IN,Cutting,21.09.2017,339.1627205,42.3,2.8,3.66
221,GW-113,GW,GW,Intensive,IN,Cutting,21.09.2017,289.6478493,42.8,2.75,4.11
222,GW-125,GW,GW,Intensive,IN,Cutting,21.09.2017,195.7110651,43,2.24,3.81
223,GW-27,GW,GW,Intensive,IN,Cutting,21.09.2017,241.6891598,43,2.18,2.42
224,GW-33,GW,GW,Intensive,IN,Cutting,21.09.2017,318.2250035,42.9,2.56,4.16
225,GW-67,GW,GW,Intensive,IN,Cutting,21.09.2017,246.782118,43.3,2.49,3.13
226,GW-77,GW,GW,Intensive,IN,Cutting,21.09.2017,198.5404863,42.8,2.41,4.38
227,EB-21,EB,FE,Extensive,EX,Cutting,08.11.2017,239.1426807,40.8,2.3,2.55
228,EB-09,EB,FE,Extensive,EX,Cutting,08.11.2017,226.9761695,43.2,1.97,2.56
229,EB-109,EB,FE,Extensive,EX,Cutting,08.11.2017,271.8224957,41.6,2.25,2.75
230,EB-121,EB,FE,Extensive,EX,Cutting,08.11.2017,204.0578577,41.6,2.21,2.72
231,EB-215,EB,FE,Extensive,EX,Cutting,08.11.2017,278.0472224,41,2.24,2.28
232,EB-230,EB,FE,Extensive,EX,Cutting,08.11.2017,272.3883799,42.7,2.54,2.68
233,EB-136,EB,FE,Intensive,IN,Cutting,08.11.2017,109.5551893,41,2.98,3.43
234,EB-148,EB,FE,Intensive,IN,Cutting,08.11.2017,95.26661216,39.1,3.01,3.63
235,EB-242,EB,FE,Intensive,IN,Cutting,08.11.2017,118.4678661,38.7,3.38,3.21
236,EB-257,EB,FE,Intensive,IN,Cutting,08.11.2017,126.3902455,42.5,3.4,3.04
237,EB-39,EB,FE,Intensive,IN,Cutting,08.11.2017,113.516379,42.5,3.26,3.33
238,EB-51,EB,FE,Intensive,IN,Cutting,08.11.2017,92.15424883,40.6,3.25,3.26
239,GW-110,GW,FE,Extensive,EX,Cutting,08.11.2017,407.6347138,42.6,2.27,2.92
240,GW-118,GW,FE,Extensive,EX,Cutting,08.11.2017,268.2857192,42.7,1.83,3.15
241,GW-26,GW,FE,Extensive,EX,Cutting,08.11.2017,321.9032511,39.2,2.07,3.02
242,GW-38,GW,FE,Extensive,EX,Cutting,08.11.2017,309.3123267,42.9,2.13,2.81
243,GW-70,GW,FE,Extensive,EX,Cutting,08.11.2017,312.283219,42.1,1.95,3.24
244,GW-82,GW,FE,Extensive,EX,Cutting,08.11.2017,273.5201484,41.7,2,3.04
245,GW-102,GW,FE,Intensive,IN,Cutting,08.11.2017,168.1242083,42.2,2.14,3.72
246,GW-12,GW,FE,Intensive,IN,Cutting,08.11.2017,96.11543852,43.2,3.23,4.07
247,GW-20,GW,FE,Intensive,IN,Cutting,08.11.2017,121.2972873,42.7,2.26,2.3
248,GW-44,GW,FE,Intensive,IN,Cutting,08.11.2017,130.4929062,42.6,2.96,3.9
249,GW-56,GW,FE,Intensive,IN,Cutting,08.11.2017,140.3958805,41.4,2.97,3.94
250,GW-92,GW,FE,Intensive,IN,Cutting,08.11.2017,148.1767888,42.7,2.71,3.83
251,EB-08,EB,GW,Extensive,EX,Cutting,08.11.2017,244.8015231,42.9,2.18,2.2
252,EB-111,EB,GW,Extensive,EX,Cutting,08.11.2017,210.7069975,42.6,1.96,1.97
253,EB-123,EB,GW,Extensive,EX,Cutting,08.11.2017,104.0378179,42.1,1.96,2.16
254,EB-214,EB,GW,Extensive,EX,Cutting,08.11.2017,190.618107,42.3,2.18,1.7
255,EB-226,EB,GW,Extensive,EX,Cutting,08.11.2017,217.6390795,42.7,2.18,1.94
256,EB-26,EB,GW,Extensive,EX,Cutting,08.11.2017,196.7013626,NA,NA,NA
257,EB-138,EB,GW,Intensive,IN,Cutting,08.11.2017,65.27474733,41.3,2.95,3.12
258,EB-147,EB,GW,Intensive,IN,Cutting,08.11.2017,57.35236794,42.5,3.05,3.09
259,EB-235,EB,GW,Intensive,IN,Cutting,08.11.2017,85.64658004,41.3,2.95,2.79
260,EB-253,EB,GW,Intensive,IN,Cutting,08.11.2017,75.60213475,42.9,3.59,2.82
261,EB-38,EB,GW,Intensive,IN,Cutting,08.11.2017,74.3288952,43.7,3.14,2.79
262,EB-56,EB,GW,Intensive,IN,Cutting,08.11.2017,110.4040156,40.9,2.82,3.19
263,GW-07,GW,GW,Extensive,EX,Cutting,08.11.2017,289.3649072,32.8,1.87,1.97
264,GW-101,GW,GW,Extensive,EX,Cutting,08.11.2017,157.3724077,44.2,1.84,3.4
265,GW-17,GW,GW,Extensive,EX,Cutting,08.11.2017,150.5817968,45.7,1.88,2.23
266,GW-43,GW,GW,Extensive,EX,Cutting,08.11.2017,184.9592645,44.3,1.88,2.08
267,GW-53,GW,GW,Extensive,EX,Cutting,08.11.2017,140.2544094,45.8,1.64,1.62
268,GW-85,GW,GW,Extensive,EX,Cutting,08.11.2017,165.7192003,43.1,1.58,2.47
269,GW-113,GW,GW,Intensive,IN,Cutting,08.11.2017,72.34830035,42.3,2.68,3.03
270,GW-125,GW,GW,Intensive,IN,Cutting,08.11.2017,41.08319598,44.3,2.82,3.39
271,GW-27,GW,GW,Intensive,IN,Cutting,08.11.2017,36.98053522,41.1,3.26,2.73
272,GW-33,GW,GW,Intensive,IN,Cutting,08.11.2017,26.79461886,44.5,4.39,3.3
273,GW-67,GW,GW,Intensive,IN,Cutting,08.11.2017,26.79461886,43.5,2.87,3.18
274,GW-77,GW,GW,Intensive,IN,Cutting,08.11.2017,27.92638735,43.4,3.02,3.71
276,EB-116,EB,EB,Intensive,IN,FirstCut,13.05.2018,58.25778272,43.1,3.63,3.99
277,EB-110,EB,EB,Intensive,IN,FirstCut,13.05.2018,109.0458935,43.1,3.69,3.79
278,EB-10,EB,EB,Intensive,IN,FirstCut,13.05.2018,107.2067697,43,3.73,3.73
279,EB-207,EB,EB,Intensive,IN,FirstCut,13.05.2018,144.1307165,43.4,3.69,3.38
280,EB-225,EB,EB,Intensive,IN,FirstCut,13.05.2018,130.2665525,43.7,3.78,3.5
281,EB-22,EB,EB,Intensive,IN,FirstCut,13.05.2018,158.5607646,43.3,3.45,3.73
282,EB-138,EB,GW,Intensive,IN,FirstCut,13.05.2018,387.4609406,42.4,2.03,2.9
283,EB-147,EB,GW,Intensive,IN,FirstCut,13.05.2018,332.7116401,43,2.28,3
284,EB-235,EB,GW,Intensive,IN,FirstCut,13.05.2018,486.3492119,42.9,2.54,2.73
285,EB-253,EB,GW,Intensive,IN,FirstCut,13.05.2018,457.6305866,42.6,2.47,2.68
286,EB-38,EB,GW,Intensive,IN,FirstCut,13.05.2018,743.2606578,42.2,2.18,2.71
287,EB-56,EB,GW,Intensive,IN,FirstCut,13.05.2018,453.810868,42.4,2.23,2.84
288,GW-113,GW,GW,Intensive,IN,FirstCut,13.05.2018,341.1999038,43.3,2.31,2.96
289,GW-125,GW,GW,Intensive,IN,FirstCut,13.05.2018,244.7166405,42.7,2.08,3.01
290,GW-27,GW,GW,Intensive,IN,FirstCut,13.05.2018,320.8280711,42.8,2.04,2.43
291,GW-33,GW,GW,Intensive,IN,FirstCut,13.05.2018,289.8459088,43.8,3.07,2.91
292,GW-67,GW,GW,Intensive,IN,FirstCut,13.05.2018,254.3366726,43.8,2.66,3.03
293,GW-77,GW,GW,Intensive,IN,FirstCut,13.05.2018,206.8023963,43.6,2.57,3.25
294,EB-136,EB,FE,Intensive,IN,FirstCut,13.05.2018,189.2599848,43.4,2.24,2.19
295,EB-148,EB,FE,Intensive,IN,FirstCut,13.05.2018,305.6906676,44.6,1.99,2.62
296,EB-242,EB,FE,Intensive,IN,FirstCut,13.05.2018,448.8593808,44.5,2.36,2.42
297,EB-257,EB,FE,Intensive,IN,FirstCut,13.05.2018,200.4361986,44.9,2.48,2.26
298,EB-39,EB,FE,Intensive,IN,FirstCut,13.05.2018,482.1050801,44.1,2.21,2.73
299,EB-51,EB,FE,Intensive,IN,FirstCut,13.05.2018,519.7363822,44.3,2.39,2.68
300,GW-102,GW,FE,Intensive,IN,FirstCut,13.05.2018,426.7898954,44.2,1.61,2.64
301,GW-12,GW,FE,Intensive,IN,FirstCut,13.05.2018,436.6928696,44.8,1.85,2.53
302,GW-20,GW,FE,Intensive,IN,FirstCut,13.05.2018,379.5385612,44,2.35,2.52
303,GW-44,GW,FE,Intensive,IN,FirstCut,13.05.2018,393.119783,44.4,1.89,2.58
304,GW-56,GW,FE,Intensive,IN,FirstCut,13.05.2018,318.7060052,43.5,1.83,2.66
305,GW-92,GW,FE,Intensive,IN,FirstCut,13.05.2018,539.2593885,42.7,1.31,2.27
306,EB-40,EB,EB,Extensive,EX,FirstCut,12.06.2018,481.3977248,42.1,1.94,2.36
307,EB-58,EB,EB,Extensive,EX,FirstCut,12.06.2018,233.5404267,43,2.13,2.32
308,EB-143,EB,EB,Extensive,EX,FirstCut,12.06.2018,257.8734491,43.2,2.28,2.95
309,EB-155,EB,EB,Extensive,EX,FirstCut,12.06.2018,548.8794206,42.8,2.25,2.61
310,EB-237,EB,EB,Extensive,EX,FirstCut,12.06.2018,557.2262132,43.9,1.54,1.66
311,EB-246,EB,EB,Extensive,EX,FirstCut,12.06.2018,401.8909887,43.1,1.92,2.21
312,EB-08,EB,GW,Extensive,EX,FirstCut,12.06.2018,867.3307779,43,1.23,1.55
313,EB-111,EB,GW,Extensive,EX,FirstCut,12.06.2018,713.6932061,43.3,1.49,1.78
314,EB-123,EB,GW,Extensive,EX,FirstCut,12.06.2018,563.3094688,42.9,1.46,2.14
315,EB-214,EB,GW,Extensive,EX,FirstCut,12.06.2018,732.5088572,43.1,1.53,1.57
316,EB-226,EB,GW,Extensive,EX,FirstCut,12.06.2018,921.372723,42.7,1.61,1.68
317,EB-26,EB,GW,Extensive,EX,FirstCut,12.06.2018,576.7492196,43.6,1.46,1.61
318,GW-07,GW,GW,Extensive,EX,FirstCut,12.06.2018,574.7686247,43.3,1.25,1.44
319,GW-101,GW,GW,Extensive,EX,FirstCut,12.06.2018,676.061904,42.9,1.43,2.42
320,GW-17,GW,GW,Extensive,EX,FirstCut,12.06.2018,591.0377967,43.5,1.27,2.05
321,GW-43,GW,GW,Extensive,EX,FirstCut,12.06.2018,578.7298144,43.3,1.14,1.51
322,GW-53,GW,GW,Extensive,EX,FirstCut,12.06.2018,607.4484397,42.7,1.44,2.09
323,GW-85,GW,GW,Extensive,EX,FirstCut,12.06.2018,490.8762858,43.7,1.31,2.3
324,EB-21,EB,FE,Extensive,EX,FirstCut,12.06.2018,416.8869212,43.7,1.65,2.23
325,EB-09,EB,FE,Extensive,EX,FirstCut,12.06.2018,768.0180934,43.9,1.42,1.77
326,EB-109,EB,FE,Extensive,EX,FirstCut,12.06.2018,357.3276047,43.8,1.77,3.05
327,EB-121,EB,FE,Extensive,EX,FirstCut,12.06.2018,404.4374678,43.8,1.63,2.3
328,EB-215,EB,FE,Extensive,EX,FirstCut,12.06.2018,795.3220081,44,1.54,1.63
329,EB-230,EB,FE,Extensive,EX,FirstCut,12.06.2018,564.8656505,43.5,1.59,1.96
330,GW-110,GW,FE,Extensive,EX,FirstCut,12.06.2018,770.7060435,43.7,1.06,1.98
331,GW-118,GW,FE,Extensive,EX,FirstCut,12.06.2018,801.9711479,43.3,1.07,2.09
332,GW-26,GW,FE,Extensive,EX,FirstCut,12.06.2018,688.2284152,43.7,1.38,1.79
333,GW-38,GW,FE,Extensive,EX,FirstCut,12.06.2018,609.1460924,43.4,1.76,2.16
334,GW-70,GW,FE,Extensive,EX,FirstCut,12.06.2018,658.0950794,43.3,1.26,2.5
335,GW-82,GW,FE,Extensive,EX,FirstCut,12.06.2018,805.9323376,43.8,1.52,2.01
336,EB-116,EB,EB,Intensive,IN,Cutting,25.06.2018,236.511319,42,1.83,2.71
337,EB-110,EB,EB,Intensive,IN,Cutting,25.06.2018,310.3592126,42.5,1.58,2.82
338,EB-10,EB,EB,Intensive,IN,Cutting,25.06.2018,276.264687,42.4,1.98,2.75
339,EB-207,EB,EB,Intensive,IN,Cutting,25.06.2018,297.7682882,43.7,1.84,2.03
340,EB-225,EB,EB,Intensive,IN,Cutting,25.06.2018,245.4239958,43.9,2.01,2.09
341,EB-22,EB,EB,Intensive,IN,Cutting,25.06.2018,249.8095987,43.2,1.93,2.66
342,EB-138,EB,GW,Intensive,IN,Cutting,25.06.2018,167.6149125,41.8,2.07,3.1
343,EB-147,EB,GW,Intensive,IN,Cutting,25.06.2018,238.4919138,41.8,1.79,3.12
344,EB-235,EB,GW,Intensive,IN,Cutting,25.06.2018,260.8443414,42.2,2.17,2.56
345,EB-253,EB,GW,Intensive,IN,Cutting,25.06.2018,277.3964555,42.3,2.01,2.49
346,EB-38,EB,GW,Intensive,IN,Cutting,25.06.2018,224.4862788,42.2,1.95,2.74
347,EB-56,EB,GW,Intensive,IN,Cutting,25.06.2018,232.5501293,42,1.98,3.28
348,GW-113,GW,GW,Intensive,IN,Cutting,25.06.2018,253.0634331,42.4,1.84,3.33
349,GW-125,GW,GW,Intensive,IN,Cutting,25.06.2018,218.8274364,42.9,1.59,3.12
350,GW-27,GW,GW,Intensive,IN,Cutting,25.06.2018,240.1895666,41.7,1.9,2.77
351,GW-33,GW,GW,Intensive,IN,Cutting,25.06.2018,348.1319857,43,1.95,2.66
352,GW-67,GW,GW,Intensive,IN,Cutting,25.06.2018,279.0941082,42.8,1.89,2.9
353,GW-77,GW,GW,Intensive,IN,Cutting,25.06.2018,241.321335,42.5,1.85,3.47
354,EB-136,EB,FE,Intensive,IN,Cutting,25.06.2018,200.1532564,43.3,2,2.49
355,EB-148,EB,FE,Intensive,IN,Cutting,25.06.2018,292.1094458,42.8,1.67,3.3
356,EB-242,EB,FE,Intensive,IN,Cutting,25.06.2018,290.8362062,43.6,1.9,2.7
357,EB-257,EB,FE,Intensive,IN,Cutting,25.06.2018,272.0205552,43.8,1.44,1.91
358,EB-39,EB,FE,Intensive,IN,Cutting,25.06.2018,244.9995826,43.6,2.01,2.85
359,EB-51,EB,FE,Intensive,IN,Cutting,25.06.2018,138.0474609,43.1,2.37,3.29
360,GW-102,GW,FE,Intensive,IN,Cutting,25.06.2018,221.2324445,43.4,1.62,3.54
361,GW-12,GW,FE,Intensive,IN,Cutting,25.06.2018,228.5889396,43.1,1.82,3.33
362,GW-20,GW,FE,Intensive,IN,Cutting,25.06.2018,312.6227496,43,1.64,2.81
363,GW-44,GW,FE,Intensive,IN,Cutting,25.06.2018,167.1904993,43.3,1.82,3.73
364,GW-56,GW,FE,Intensive,IN,Cutting,25.06.2018,221.6568576,43.2,2.01,3.48
365,GW-92,GW,FE,Intensive,IN,Cutting,25.06.2018,611.4096294,43.4,1.32,3.07
366,EB-40,EB,EB,Extensive,EX,Cutting,09.08.2018,459.8516822,42.9,1.6,2.8
367,EB-58,EB,EB,Extensive,EX,Cutting,09.08.2018,261.5092554,43.1,2.07,2.93
368,EB-143,EB,EB,Extensive,EX,Cutting,09.08.2018,277.071072,43,3.22,3.54
369,EB-155,EB,EB,Extensive,EX,Cutting,09.08.2018,359.1242871,41.5,2.24,2.93
370,EB-237,EB,EB,Extensive,EX,Cutting,09.08.2018,325.3127037,43.8,2.04,2.12
371,EB-246,EB,EB,Extensive,EX,Cutting,09.08.2018,288.2472858,43.1,2.14,2.39
372,EB-116,EB,EB,Intensive,IN,Cutting,09.08.2018,212.9846816,42,2.06,3.5
373,EB-110,EB,EB,Intensive,IN,Cutting,09.08.2018,253.0209918,42.6,2.02,3.38
374,EB-10,EB,EB,Intensive,IN,Cutting,09.08.2018,258.1139499,43.1,2.37,3.35
375,EB-207,EB,EB,Intensive,IN,Cutting,09.08.2018,258.3968921,43.8,2.46,2.56
376,EB-225,EB,EB,Intensive,IN,Cutting,09.08.2018,263.065437,43.3,2.37,2.42
377,EB-22,EB,EB,Intensive,IN,Cutting,09.08.2018,339.1768676,43.1,2.13,3.03
378,EB-08,EB,GW,Extensive,EX,Cutting,09.08.2018,398.1702999,43.2,1.8,2.54
379,EB-111,EB,GW,Extensive,EX,Cutting,09.08.2018,439.4798495,43.4,1.95,2.28
380,EB-123,EB,GW,Extensive,EX,Cutting,09.08.2018,373.9787485,41.3,1.72,2.46
381,EB-214,EB,GW,Extensive,EX,Cutting,09.08.2018,517.2889328,41.3,1.93,2
382,EB-226,EB,GW,Extensive,EX,Cutting,09.08.2018,641.641995,42.8,1.77,1.8
383,EB-26,EB,GW,Extensive,EX,Cutting,09.08.2018,331.5374303,42.3,1.94,2.46
384,GW-07,GW,GW,Extensive,EX,Cutting,09.08.2018,409.0635715,43.2,1.62,1.89
385,GW-101,GW,GW,Extensive,EX,Cutting,09.08.2018,412.0344638,43.4,1.58,2.92
386,GW-17,GW,GW,Extensive,EX,Cutting,09.08.2018,373.8372774,43.4,1.7,2.55
387,GW-43,GW,GW,Extensive,EX,Cutting,09.08.2018,478.2429201,43.4,1.99,3.6
388,GW-53,GW,GW,Extensive,EX,Cutting,09.08.2018,430.5671727,42.6,1.8,2.47
389,GW-85,GW,GW,Extensive,EX,Cutting,09.08.2018,325.1712326,43.3,1.67,2.87
390,EB-138,EB,GW,Intensive,IN,Cutting,09.08.2018,278.2028405,42.6,2.15,3.17
391,EB-147,EB,GW,Intensive,IN,Cutting,09.08.2018,264.7630898,42,2.22,3.29
392,EB-235,EB,GW,Intensive,IN,Cutting,09.08.2018,304.7993999,43.2,2.31,2.6
393,EB-253,EB,GW,Intensive,IN,Cutting,09.08.2018,306.0726394,43.4,2.33,2.53
394,EB-38,EB,GW,Intensive,IN,Cutting,09.08.2018,289.2375832,41.5,2.06,2.68
395,EB-56,EB,GW,Intensive,IN,Cutting,09.08.2018,365.6319559,42.7,2.22,3.01
396,GW-113,GW,GW,Intensive,IN,Cutting,09.08.2018,281.8810881,43.8,1.87,2.99
397,GW-125,GW,GW,Intensive,IN,Cutting,09.08.2018,260.8019001,43.3,1.65,2.11
398,GW-27,GW,GW,Intensive,IN,Cutting,09.08.2018,310.7411844,43.3,2.5,3.35
399,GW-33,GW,GW,Intensive,IN,Cutting,09.08.2018,353.0410315,44,2.12,2.96
400,GW-67,GW,GW,Intensive,IN,Cutting,09.08.2018,351.0604367,43.4,1.89,3.05
401,GW-77,GW,GW,Intensive,IN,Cutting,09.08.2018,269.997519,42.9,1.75,3.66
402,EB-21,EB,FE,Extensive,EX,Cutting,09.08.2018,325.7371169,43.7,1.56,2.69
403,EB-09,EB,FE,Extensive,EX,Cutting,09.08.2018,322.2003403,43.6,1.58,2.63
404,EB-109,EB,FE,Extensive,EX,Cutting,09.08.2018,270.2804611,43.7,1.74,3.03
405,EB-121,EB,FE,Extensive,EX,Cutting,09.08.2018,338.8939255,43.6,1.74,2.98
406,EB-215,EB,FE,Extensive,EX,Cutting,09.08.2018,322.3418114,44,1.62,2.15
407,EB-230,EB,FE,Extensive,EX,Cutting,09.08.2018,373.2713932,44,1.65,2.04
408,GW-110,GW,FE,Extensive,EX,Cutting,09.08.2018,291.2181781,44.1,1.57,3.03
409,GW-118,GW,FE,Extensive,EX,Cutting,09.08.2018,448.2510553,43.5,1.44,2.84
410,GW-26,GW,FE,Extensive,EX,Cutting,09.08.2018,315.8341426,43.7,1.89,2.65
411,GW-38,GW,FE,Extensive,EX,Cutting,09.08.2018,418.1177194,43.3,1.85,2.71
412,GW-70,GW,FE,Extensive,EX,Cutting,09.08.2018,377.515525,43.9,1.73,3.44
413,GW-82,GW,FE,Extensive,EX,Cutting,09.08.2018,410.19534,42.9,1.54,2.57
414,EB-136,EB,FE,Intensive,IN,Cutting,09.08.2018,234.7712249,44.3,1.79,2.56
415,EB-148,EB,FE,Intensive,IN,Cutting,09.08.2018,271.1292875,44.2,2.08,3.3
416,EB-242,EB,FE,Intensive,IN,Cutting,09.08.2018,271.4122296,44.1,2.02,2.95
417,EB-257,EB,FE,Intensive,IN,Cutting,09.08.2018,141.6832671,44.6,2.71,2.42
418,EB-39,EB,FE,Intensive,IN,Cutting,09.08.2018,307.0629369,43.8,2.06,2.6
419,EB-51,EB,FE,Intensive,IN,Cutting,09.08.2018,315.5512005,44.1,2.43,2.58
420,GW-102,GW,FE,Intensive,IN,Cutting,09.08.2018,327.7177117,43.6,1.76,3.94
421,GW-12,GW,FE,Intensive,IN,Cutting,09.08.2018,197.9887492,43.9,2.39,3.51
422,GW-20,GW,FE,Intensive,IN,Cutting,09.08.2018,265.187503,43.8,2.15,3.34
423,GW-44,GW,FE,Intensive,IN,Cutting,09.08.2018,261.5092554,43,2.01,3.93
424,GW-56,GW,FE,Intensive,IN,Cutting,09.08.2018,243.2594886,43.3,1.99,4.24
425,GW-92,GW,FE,Intensive,IN,Cutting,09.08.2018,320.3612166,42.5,1.74,3.96
426,EB-116,EB,EB,Intensive,IN,Cutting,17.09.2018,60.94573287,41.2,3.06,4.59
427,EB-110,EB,EB,Intensive,IN,Cutting,17.09.2018,65.89721999,43.5,3.16,4.83
428,EB-10,EB,EB,Intensive,IN,Cutting,17.09.2018,46.94009788,43.3,3.59,4.58
429,EB-207,EB,EB,Intensive,IN,Cutting,17.09.2018,51.1842297,44.5,3.53,3.8
430,EB-225,EB,EB,Intensive,IN,Cutting,17.09.2018,72.97077302,44.7,3.42,3.81
431,EB-22,EB,EB,Intensive,IN,Cutting,17.09.2018,55.99424576,44,3.26,4.25
432,EB-138,EB,GW,Intensive,IN,Cutting,17.09.2018,68.0192859,43.1,2.87,3.81
433,EB-147,EB,GW,Intensive,IN,Cutting,17.09.2018,52.17452712,43.5,3.08,4.12
434,EB-235,EB,GW,Intensive,IN,Cutting,17.09.2018,90.37171346,43.5,3.04,3.74
435,EB-253,EB,GW,Intensive,IN,Cutting,17.09.2018,137.9059898,43.5,3.13,3.38
436,EB-38,EB,GW,Intensive,IN,Cutting,17.09.2018,61.9360303,43.8,3.24,3.87
437,EB-56,EB,GW,Intensive,IN,Cutting,17.09.2018,84.28845786,43.2,3.13,3.96
438,GW-113,GW,GW,Intensive,IN,Cutting,17.09.2018,40.29095804,44.3,2.98,4.28
439,GW-125,GW,GW,Intensive,IN,Cutting,17.09.2018,46.94009788,44.3,2.98,4.94
440,GW-27,GW,GW,Intensive,IN,Cutting,17.09.2018,64.48250939,44.3,3.11,3.84
441,GW-33,GW,GW,Intensive,IN,Cutting,17.09.2018,82.16639195,44.6,3.61,3.88
442,GW-67,GW,GW,Intensive,IN,Cutting,17.09.2018,23.73884396,44.4,3.15,3.91
443,GW-77,GW,GW,Intensive,IN,Cutting,17.09.2018,1.414710605,42.5,3.04,2.6
444,EB-136,EB,FE,Intensive,IN,Cutting,17.09.2018,55.42836151,44.7,3.66,4.37
445,EB-148,EB,FE,Intensive,IN,Cutting,17.09.2018,29.25621532,43.8,3.99,3.98
446,EB-242,EB,FE,Intensive,IN,Cutting,17.09.2018,1.414710605,44.3,4.23,3.48
447,EB-257,EB,FE,Intensive,IN,Cutting,17.09.2018,8.742911541,44.8,4.4,3.77
448,EB-39,EB,FE,Intensive,IN,Cutting,17.09.2018,59.81396439,44.6,3.5,4.75
449,EB-51,EB,FE,Intensive,IN,Cutting,17.09.2018,122.2027021,44.6,4.06,3.92
450,GW-102,GW,FE,Intensive,IN,Cutting,17.09.2018,70.28282287,43.1,2.66,5.21
451,GW-12,GW,FE,Intensive,IN,Cutting,17.09.2018,111.5923725,44.8,3.25,3.66
452,GW-20,GW,FE,Intensive,IN,Cutting,17.09.2018,126.1638918,44.7,3.09,4.06
453,GW-44,GW,FE,Intensive,IN,Cutting,17.09.2018,94.75731634,44,3.54,4.7
454,GW-56,GW,FE,Intensive,IN,Cutting,17.09.2018,31.0953391,44.1,3.52,5.05
455,GW-92,GW,FE,Intensive,IN,Cutting,17.09.2018,103.6699932,42.9,2.86,4.87
456,EB-40,EB,EB,Extensive,EX,Cutting,22.10.2018,136.3073668,43.6,2.5,3.57
457,EB-58,EB,EB,Extensive,EX,Cutting,22.10.2018,111.6914023,43.3,2.38,2.82
458,EB-143,EB,EB,Extensive,EX,Cutting,22.10.2018,151.3032992,42.8,2.21,3.27
459,EB-155,EB,EB,Extensive,EX,Cutting,22.10.2018,147.6250517,40.4,2.39,3.02
460,EB-237,EB,EB,Extensive,EX,Cutting,22.10.2018,132.3461771,43.5,2.37,2.1
461,EB-246,EB,EB,Extensive,EX,Cutting,22.10.2018,125.2726241,39.5,2.37,2.62
462,EB-116,EB,EB,Intensive,IN,Cutting,22.10.2018,62.74241534,42.8,2.4,3.49
463,EB-110,EB,EB,Intensive,IN,Cutting,22.10.2018,31.76025309,42.7,3.08,3.72
464,EB-10,EB,EB,Intensive,IN,Cutting,22.10.2018,46.7561855,42.3,2.95,3.41
465,EB-207,EB,EB,Intensive,IN,Cutting,22.10.2018,55.66886232,42.4,3,3
466,EB-225,EB,EB,Intensive,IN,Cutting,22.10.2018,38.83380611,43.7,3.13,3.26
467,EB-22,EB,EB,Intensive,IN,Cutting,22.10.2018,71.79656322,44.1,3.05,3.34
468,EB-08,EB,GW,Extensive,EX,Cutting,22.10.2018,196.1496254,44,2.53,2.68
469,EB-111,EB,GW,Extensive,EX,Cutting,22.10.2018,240.1471252,43.3,2.4,2.48
470,EB-123,EB,GW,Extensive,EX,Cutting,22.10.2018,175.0704374,42.2,2.34,2.61
471,EB-214,EB,GW,Extensive,EX,Cutting,22.10.2018,156.2547864,42.9,2.62,2.33
472,EB-226,EB,GW,Extensive,EX,Cutting,22.10.2018,277.3540142,43.3,2.34,2.1
473,EB-26,EB,GW,Extensive,EX,Cutting,22.10.2018,177.3339744,43.5,2.41,2.62
474,GW-07,GW,GW,Extensive,EX,Cutting,22.10.2018,209.8723183,42.9,2.04,2.1
475,GW-101,GW,GW,Extensive,EX,Cutting,22.10.2018,230.6685642,43.1,2.35,3.26
476,GW-17,GW,GW,Extensive,EX,Cutting,22.10.2018,221.4729453,45,2.02,2.34
477,GW-43,GW,GW,Extensive,EX,Cutting,22.10.2018,153.000952,45.2,2.44,2.41
478,GW-53,GW,GW,Extensive,EX,Cutting,22.10.2018,166.7236448,44.7,2.28,2.72
479,GW-85,GW,GW,Extensive,EX,Cutting,22.10.2018,171.5336609,45.1,2.02,2.9
480,EB-138,EB,GW,Intensive,IN,Cutting,22.10.2018,89.0560326,45.9,2.98,3.48
481,EB-147,EB,GW,Intensive,IN,Cutting,22.10.2018,97.26135411,46,3.05,3.78
482,EB-235,EB,GW,Intensive,IN,Cutting,22.10.2018,43.64382217,45.4,3.1,3.21
483,EB-253,EB,GW,Intensive,IN,Cutting,22.10.2018,156.1133153,47.1,2.89,3.26
484,EB-38,EB,GW,Intensive,IN,Cutting,22.10.2018,73.91862912,47.9,3.12,3.12
485,EB-56,EB,GW,Intensive,IN,Cutting,22.10.2018,129.0923427,43.6,3.24,3.52
486,GW-113,GW,GW,Intensive,IN,Cutting,22.10.2018,67.41096034,44.5,3.02,3.62
487,GW-125,GW,GW,Intensive,IN,Cutting,22.10.2018,59.77152307,43.9,3.07,4.58
488,GW-27,GW,GW,Intensive,IN,Cutting,22.10.2018,59.20563883,43.2,2.63,3.49
489,GW-33,GW,GW,Intensive,IN,Cutting,22.10.2018,119.8967238,43.5,2.41,3.16
490,GW-67,GW,GW,Intensive,IN,Cutting,22.10.2018,57.93239929,44,3.03,3.4
491,GW-77,GW,GW,Intensive,IN,Cutting,22.10.2018,9.690767646,41.9,3.16,2.47
492,EB-21,EB,FE,Extensive,EX,Cutting,22.10.2018,213.974979,42.9,2.04,2.98
493,EB-09,EB,FE,Extensive,EX,Cutting,22.10.2018,364.6416585,43.5,2.27,3.06
494,EB-109,EB,FE,Extensive,EX,Cutting,22.10.2018,142.3906224,43.4,3.11,3.06
495,EB-121,EB,FE,Extensive,EX,Cutting,22.10.2018,246.0889098,43.6,2.17,3.07
496,EB-215,EB,FE,Extensive,EX,Cutting,22.10.2018,287.2569884,43.9,2.1,2.26
497,EB-230,EB,FE,Extensive,EX,Cutting,22.10.2018,275.0904772,43.2,2.28,3.15
498,GW-110,GW,FE,Extensive,EX,Cutting,22.10.2018,198.5546334,43.7,2.26,3.43
499,GW-118,GW,FE,Extensive,EX,Cutting,22.10.2018,282.0225592,42.1,1.82,3.12
500,GW-26,GW,FE,Extensive,EX,Cutting,22.10.2018,282.1640302,43.8,2.55,3.18
501,GW-38,GW,FE,Extensive,EX,Cutting,22.10.2018,303.3846893,43.5,2.1,3.17
502,GW-70,GW,FE,Extensive,EX,Cutting,22.10.2018,231.5173906,43.2,2.48,4.07
503,GW-82,GW,FE,Extensive,EX,Cutting,22.10.2018,266.0363293,43,2.02,3.17
504,EB-136,EB,FE,Intensive,IN,Cutting,22.10.2018,50.0100199,42.1,3.19,2.99
505,EB-148,EB,FE,Intensive,IN,Cutting,22.10.2018,96.12958563,44,2.94,3.51
506,EB-242,EB,FE,Intensive,IN,Cutting,22.10.2018,74.20157125,43.4,3.06,2.95
507,EB-257,EB,FE,Intensive,IN,Cutting,22.10.2018,83.82160336,44.5,3.2,3.42
508,EB-39,EB,FE,Intensive,IN,Cutting,22.10.2018,130.6485244,44.5,2.98,3.75
509,EB-51,EB,FE,Intensive,IN,Cutting,22.10.2018,109.4278653,44.5,3.44,3.51
510,GW-102,GW,FE,Intensive,IN,Cutting,22.10.2018,53.40532535,43.1,3.03,4.58
511,GW-12,GW,FE,Intensive,IN,Cutting,22.10.2018,81.41659533,43.9,3.91,3.45
512,GW-20,GW,FE,Intensive,IN,Cutting,22.10.2018,80.56776897,43.7,4.16,3.94
513,GW-44,GW,FE,Intensive,IN,Cutting,22.10.2018,70.94773685,44.6,3.6,3.88
514,GW-56,GW,FE,Intensive,IN,Cutting,22.10.2018,76.32363715,43.9,3.13,4.35
515,GW-92,GW,FE,Intensive,IN,Cutting,22.10.2018,105.3252046,43.6,2.87,4.12
